,Latitude,Longitude,Absolute elevation,Distance from Coast,AP1,AP2,DT1,DT2,HTM,LTM,AC1,AC2,LC1,LC2,RFL,RH1,RH2,WSD
ABU,24.6,72.72,1195,253.94,,,8.7,16.3,23.4,-0.7,0.8,1,0.4,0.5,3.7,61,42,2
ADIRAMAPATINAM,10.33,79.38,6,2.56,1013.9,1010.4,23.5,27.1,31.9,18.2,3.2,3.4,1.3,1.4,34.5,87,70,6.7
AGARTALA (A),23.88,91.25,16,124.39,1015.2,1011.8,16.8,16.5,28.8,6.4,1.5,1.5,0.4,0.3,5.6,81,66,2.3
AGATTI (A),10.85,72.47,4,0,1012.3,1009.5,26.2,28.7,32,22.2,3.1,3.9,2.5,2.9,5,81,71,
AGRA,27.17,78.03,169,751.48,997,995.2,10.7,19.8,27.3,4.2,1.3,1.6,0.4,0.4,9.5,77,55,1.9
AGUMBE,13.5,75.1,659,41.49,940.9,938.1,15.9,25.2,31,7.8,,,,,2.4,87,73,4.2
AHMEDABAD,23.07,72.63,55,84.28,1010,1007,14.8,26.3,32.1,7.5,1.3,1.3,0.1,0.1,1.9,64,35,6
AHMEDNAGAR,19.08,74.8,657,182.31,941.8,938.2,17.1,28.2,33.1,8.2,0.5,0.7,0.2,0.3,0.1,61,36,4
AJMER,26.45,74.62,486,496.08,960.7,958.3,11.5,20.5,28.5,4,1.4,1.6,0.4,0.5,7,65,36,3.2
AKOLA,20.7,77.03,282,426.5,983.6,979.6,17,27.9,33,9.5,1.2,1,0.5,0.4,13.5,62,35,3.9
AKOLA (A),20.7,77.07,309,430.66,980.4,976.6,17.4,28,33.3,8.8,1.6,1.6,0.4,0.5,13,57,33,5.6
ALAPPUZHA (ALLEPPEY),9.55,76.42,4,11.09,1012.7,1008.8,25.4,29.5,34.6,20.1,3.4,3.2,1.3,1.1,16.3,76,66,8.8
ALIBAG,18.63,72.87,7,0,1013.5,1010.7,19.3,26.7,32.7,14,0.6,0.5,0,0,0.5,74,63,7.6
ALIGARH,27.88,78.07,187,811.54,996,993.3,10.8,18.2,25.1,3.8,2.5,2.3,2.3,2,15.2,80,60,3.1
ALIRAJPUR (JHABUA),22.28,74.4,293,153.08,983.3,979.6,17,26,31.4,5.3,1.2,1.1,0.4,0.1,2.5,56,36,3.4
ALLAHABAD,25.45,81.73,98,702.7,1006.2,1003.3,12.4,19.9,27.5,4.7,2.2,2,1.1,0.5,18.3,82,57,2.9
ALWAR,27.5,76.58,271,689.76,985.7,,10.6,,25.6,5,2,,1,,11.3,79,,
AMBALA,30.38,76.77,272,980.44,984.5,982.6,8.9,16.9,23.7,3.2,3,2.5,1.8,1.2,28.2,85,59,3.6
AMBIKAPUR,23.17,83.25,611,427.8,947.9,945.2,13.2,20.9,27.6,4.4,1.8,1.9,0.8,0.8,26.1,75,48,4.4
AMINI DIVI,11.12,72.73,4,0,1012.4,1009.5,26.1,29.2,32.4,21.5,3.3,3.4,1.9,2.1,14.5,80,67,5.6
AMRAVATI,20.93,77.78,370,504.43,974.1,970.3,19.1,27.2,32.6,11.1,1.4,1.2,0.9,0.9,12.4,53,32,7.7
AMRELI,21.6,71.22,113,77.91,,,12.9,28.1,33.2,6.2,,,,,0.3,58,27,4.7
AMRITSAR (RAJASANSI),31.63,74.87,234,1057.05,990.1,988.5,6.1,16.5,23.1,-0.2,3.6,3.6,1.3,1.1,21.9,90,59,2
ANANTAPUR,14.68,77.62,350,264.21,975.4,971.2,21.4,28.8,33.3,14.3,1.8,2.3,0.4,0.8,1.2,69,39,7.8
ANGUL,20.83,85.1,139,134.21,1001.2,997.6,17.9,25.7,31,11.3,1.2,1.1,0.5,0.5,9,76,47,
ARIYALUR,11.17,79,75,86.22,1006.2,1003.2,24.9,27.3,34.3,18.6,2.2,2.4,2.1,2.2,17.3,80,69,
AROGYAVARAM,13.53,78.5,701,185.49,936.9,933.6,18.5,26,30.3,12.6,2.6,3.3,1.9,1.8,2.6,79,43,4.1
AURANGABAD,19.88,75.33,581,255.85,950.5,947.5,17.3,27.7,32.1,10.3,1.3,1.6,0.8,1.2,5.4,58,31,
AURANGABAD (CHIKALTHANA)(A),19.85,75.4,579,261.5,950.2,946.9,16.6,27.6,31.9,6.9,1.6,1.7,0.4,0.8,3.3,59,33,5.6
BADARWAH,33.12,75.32,1689,1230.06,,,1.4,6,17.9,-5.2,3.7,4,2.2,2.4,119.3,79,66,2.2
BAGALKOTE,16.7,75.25,524,194.71,956.3,952.4,19.6,29,32.6,11.2,,,,,2.3,74,62,
BAGATI,22.98,88.37,12,89.7,1014.9,,16.8,21.6,29.2,8.6,0.7,0.5,0.4,0.3,12.2,79,60,1.5
BAGRATAWA,22.63,77.98,331,522.46,,,14.8,23.6,31.1,5,1.5,1.2,1,0.7,15.6,66,44,4.2
BAHRAICH,27.57,81.6,124,870.93,1002.7,1000,11.5,18.5,26.6,5.2,2.6,2.3,1.7,1.1,18.1,85,66,3.3
BAILALDILA,18.58,81.23,1144,202.5,890.3,,18.1,,25.5,10.8,0.9,,0.4,,13.6,59,,9.2
BALASORE,21.52,86.93,20,12.17,1014.9,1011.1,18.4,22.4,30.8,10.5,2.1,2.1,0.7,0.7,13.4,68,63,4.2
BALEHONNUR,13.37,75.45,885,78.83,,,18.5,,31.2,10.6,,,,,3.2,77,,
BALLIA,25.75,84.17,64,555.14,1010,1007.2,12.7,18.2,25.6,4.6,0.3,0.6,0.3,0.2,11.2,83,68,
BALURGHAT,25.22,88.78,26,334.71,1012.4,1009.8,16.5,20.1,27.8,7.9,0.9,1,0.8,0.9,8,76,68,
BANDA,25.47,80.37,121,828.86,1004.3,1000.9,13.5,20.5,28.4,5.3,1.9,1.4,1,0.5,14.8,74,59,1.4
BANGALORE,12.97,77.58,921,261.94,913.1,909.9,17.8,25.1,30.4,12.8,3.2,2.8,1.9,1.1,1.8,80,39,7.3
BANGALORE (A),12.95,77.63,897,263.72,915.5,912.1,17.2,25.3,29.9,10.9,3.8,2.8,2.2,1,1.8,86,42,5.7
BANIHAL,33.5,75.17,1630,1267.66,838.7,837.4,2.2,6.5,16.5,-4.7,4.1,4.3,2.2,2.3,159.7,75,57,
BANKURA,23.23,87.07,100,148.46,1004.5,1002.5,19.2,23.4,29.8,8.2,1.2,0.9,0.3,0.2,17.5,66,55,1.7
BANSWARA,23.55,74.45,220,212.74,990.9,987.7,15.6,25.7,31.5,8,0.9,0.9,0.3,0.4,3.4,53,34,3.2
BAPATLA,15.9,80.47,6,7.37,1015.2,1011.8,21,26.4,31.3,14.6,2.4,2.3,1,0.8,11.7,90,64,4.9
BARAMATI,18.15,74.58,551,157.22,953.4,949.4,16.8,29.1,32.7,9.2,0.8,0.9,0.3,0.4,0.6,58,30,5.1
BHARATPUR,27.22,77.5,176,719.91,997.7,994.9,10.2,19.8,26.4,3.6,1.5,1.5,0.8,0.8,8.8,80,55,2.3
BAREILLY,28.37,79.4,173,941.21,996.6,994.2,10.8,18.2,25.5,5,2.6,2.3,1.4,1,20,85,61,2.6
BARIPADA,21.93,86.77,54,54.96,1011.9,1009.2,17.6,22.4,31.3,8.5,1.3,1.6,0.5,0.6,14,73,58,0.8
BARMER,25.75,71.38,194,322.71,994.7,991.9,12.4,24,30.2,6,1.8,1.9,0.3,0.3,1.2,54,30,4.3
BARODA,22.3,73.25,34,34.94,1011.9,1008.8,14.3,27.5,34.2,9.1,1,0.9,0.2,0.1,0.8,68,32,4.5
BARODA (A),22.33,73.27,38,37.5,1011.5,1008.1,15.5,27.3,33.5,8.1,1,1,0.1,0.1,0.5,64,35,8
BATOTE,33.12,75.32,1585,1228.98,,,3.1,6.5,16.4,-2.5,3.9,4.1,2.3,2.4,161,72,66,1.9
BEED (BIR),19,75.72,519,279,957.5,953.7,16.8,28.2,32.7,8.7,1.5,2,0.5,0.9,2.6,69,39,2.1
BELGAUM,15.85,74.53,753,82.25,931,,17.7,,33,10.7,,,,,0.3,,71,4.6
BELGAUM SAMRA (A),15.85,74.62,747,91.67,931.4,928.1,18.4,27.8,31.8,10.4,1.5,1.7,0.2,0.7,0.2,63,30,4.7
BELLARY,15.15,76.85,449,270.56,963.8,959.8,20.6,29.2,33.8,12.5,,,,,1.3,73,43,4.1
BERHAMPORE,24.13,88.27,19,213.08,1014.6,1011,16.9,21.2,29.1,8.8,0.6,0.5,0.2,0.1,8.1,75,62,0.2
BETUL,21.87,77.93,653,517.1,942.4,939.7,13.8,23.6,30.7,5,1.7,1.8,0,0.1,13.4,72,41,3.1
BHAGALPUR,25.23,86.95,49,351.74,1012.6,1009.1,14.9,20.1,28.2,9,1.6,1.6,0.6,0.5,13.7,81,68,3.1
BHATINDA,30.17,74.58,211,893.48,992.9,991,10,17.8,24.1,1.3,,,,,15.6,73,47,2.2
BHAVNAGAR (A),21.75,72.18,11,4.62,1014.9,1011.7,15.7,26.9,31.9,8.8,0.9,1,0.2,0.2,2.4,58,36,12.1
BHAWANI-PATNA,19.92,83.18,261,186.51,986.1,981.8,20.6,27.1,32.3,9,1,1.2,0.3,0.3,6.3,61,36,
BHILWARA,25.35,74.63,425,385.02,968.7,,11.5,,28.1,3.5,1.6,,0.9,,7.9,66,,3.3
BHIRA,18.45,73.4,96,36.11,1002.9,999.3,18.3,30.9,36.3,12,0.2,0.1,0,0,0,78,43,
BHOPAL (BAIRAGARH),23.28,77.35,523,468.87,957.1,954.3,14.5,23.1,29.9,6.2,1.9,2,0.7,0.8,12.7,61,38,7.2
BHUBANESHWAR (A),20.25,85.83,46,48.17,1011.8,1008.1,20.1,25,32.2,11.6,1.7,1.8,0.6,0.7,11.2,72,51,5.7
BHUJ (RUDRAMATA),23.25,69.67,80,43.47,1007.3,1004.5,11.3,25.4,31.8,3.4,1.3,1.3,0.2,0.3,2,74,30,6.1
BHUNTAR (A),31.83,77.17,1096,1144.03,895.4,891.7,3,11.8,20.4,-1.3,3.7,4.3,1.9,2.2,88.2,89,54,2.5
BIDAR,17.92,77.53,664,383.73,940.9,937.6,20,26.5,31.6,13.5,1.8,3.1,1,0.9,6.5,64,41,8.9
BIJAPUR,16.82,75.72,594,243.64,948.2,944.4,18.4,28.1,33.6,13.6,1.7,2,0.3,0.2,4.1,67,38,4
BIKANER,28,73.3,224,637.17,991.4,988.9,8.9,21,28.3,1.9,2.2,2.3,0.6,0.5,5.5,67,34,2.9
BILASPUR,31.25,76.67,587,1065.98,946.9,944.9,7.3,16.3,23.3,2.1,,,,,70.6,90,62,2.4
BOLANGIR,20.7,83.5,190,216.07,994.9,991,19.1,25.4,31.1,10.1,1.2,1.2,0.7,0.7,10.2,70,50,2.8
BRAHMAPURI,20.6,79.85,229,468.38,990.3,986.7,17.2,27,32,8.7,1.6,1.6,1.1,0.9,10.6,74,42,3.3
BULDANA,20.53,76.23,650,344.36,942.3,939.4,17.5,25.8,30.7,10.6,1.2,1.3,0.3,0.4,8.5,57,36,6
BULSAR (VALSAD),20.62,72.93,15,2.32,1013.7,1010.8,16.5,26.4,32.7,10.7,0.8,0.3,0.4,0.2,0.3,75,56,4.6
CANNING,22.25,88.67,4,19.54,1017.1,1013.4,18,21.5,29.7,9.7,1.9,1.7,0.7,0.6,11.8,75,63,2.2
CAR-NICOBAR,9.17,92.83,10,0,1011.2,1008.5,28.4,27.3,31.7,18.8,4.2,4.4,2.7,2.9,49.2,75,79,4.7
CHAIBASA,22.55,85.82,226,173.21,991.2,987.1,17.2,23.3,29.6,7.2,1.1,1.1,0.4,0.2,14.6,68,49,
CHAMBAL (RAWAT BHATTA DAM),24.92,75.58,351,401.42,976.6,973.5,13.2,22,28.6,5.8,1.2,1.1,0.4,0.4,4.2,68,40,2.8
CHAMPA,22.03,82.7,245,381.12,988.6,985,15.8,25.5,30.6,9.3,1.7,2,0.5,0.4,11.6,70,42,3.8
CHANDBALI,20.78,86.73,6,14.18,1016.8,1013,20.1,23.5,31.6,10.3,1.4,1.3,0.5,0.3,9.6,73,61,3.6
CHANDRAPUR (CHANDA),19.97,79.3,193,458.81,993.9,990.1,18.3,27.6,33.5,9.4,1.4,1.6,0.3,0.5,12.7,71,40,4.2
CHAPARMUKH,26.2,92.52,66,397.33,1015,,16.6,,24.1,8.4,1.5,,1.2,,16.1,81,,
CHAPRA,25.78,84.73,58,517.89,1011,1008.3,13.4,20.1,25.8,7.3,1.1,1,0.7,0.7,12.2,82,61,
CHENNAI (MINAMBAKKAM) (A),13,80.18,16,9.14,1013.6,1010.3,23.2,26.2,31,18.4,3.6,3.5,1.6,1.4,28.2,83,64,5.5
CHENNAI (NUNGAMBAKKAM),13.07,80.25,6,2.85,1014.6,1011.5,23.9,26.2,30.7,18.4,3.5,3.1,1.9,1.7,22.5,81,67,4.8
CHERRAPUNJI,25.25,91.73,1313,277.74,871.5,869.2,12.8,11.5,19,3.7,1.9,2.9,1.1,1.8,16.3,60,77,4
CHHINDWARA,22.1,79,685,655.05,939.3,936.2,15,23,29.2,4.5,1.6,1.8,1.2,1.1,15.8,69,50,3.6
CHICKMAGALUR,13.25,75.75,1057,105.86,898.4,895.5,20.3,25.5,29.4,12.4,,,,,2.9,67,45,4.3
CHITRADURGA,14.23,76.43,733,195.78,932.7,929.5,20.4,27.5,31.6,13.2,1.7,2,0.5,0.8,1.9,65,32,8.6
CHITTORGARH,24.88,74.63,404,339.46,970,967.1,10.3,22.7,29.3,2.1,1.4,1.2,0.8,0.7,5.6,74,38,3.4
CHURK,24.65,83.1,323,536.62,,,14.3,18.4,27.4,4.7,0.7,1.1,0.2,0.5,20.2,74,65,
CHURU,28.25,74.92,291,694.79,984.3,981.9,7.4,19.9,27.6,-0.2,2.2,2.2,1,0.9,8.1,77,39,2.6
COIMBATORE,11,76.97,409,111.14,968.8,,20.7,,33.1,16.1,4.3,,1,,3.5,81,,5.4
COIMBATORE (PILAMEDU),11.03,77.05,400,120.43,970,965.7,21.3,28.7,33,14.8,4,3.2,1.9,1.3,5.4,81,41,6.9
CONTAI,21.78,87.75,11,9.24,1016,1012.2,19.6,21.8,28.4,9.9,1.4,1.3,0.5,0.3,10.1,69,66,3.2
COOCH BEHAR,26.33,89.47,43,415.32,1012.6,1008.7,14.6,19.8,26.6,6.4,1.7,1.5,0.4,0.4,8.1,85,68,2.2
CUDDALORE,11.77,79.77,12,2.82,1013.6,1010.3,23.1,26.4,30.3,17.7,3.4,3.1,1.5,1.1,31.4,85,70,7.9
CUDDAPAH,14.48,78.83,130,139.19,1000.4,996.6,22.9,29.2,34.1,15.9,1,1.3,0.3,0.5,2.3,73,47,6.2
CUTTAK,20.47,85.93,27,67.01,1014.5,1010.5,19.8,25.4,32,11.1,1.2,1.3,0.7,0.8,10.1,75,54,3.4
DAHANU,19.97,72.72,5,0,1013.9,1011.2,19.1,25,32.7,13.4,0.9,0.9,0.2,0.1,0.3,65,66,7.5
DALHOUSIE,32.53,75.97,1959,1179.78,,,6.9,6.3,,,,,,,98.6,59,69,
DALTONGANJ,24.05,84.07,221,417.74,991.5,988.1,13.1,21.7,29.8,4.5,1.3,1.6,0.4,0.4,14,78,52,2.2
DAMOH,23.83,79.45,371,691.31,974.9,,13.8,,30.3,4.1,2.4,,0.7,,11,67,,
DARBHANGA,26.17,85.9,49,488.82,1011.4,1008.3,18.7,19.9,26.8,4.8,0.7,0.6,0.5,0.4,15.2,66,66,1.2
DARJEELING,27.05,88.27,2127,537.18,791,789.8,6.4,7,14.8,-0.3,3.6,4.5,3.4,4.4,15,78,81,1.6
DATIA,25.67,78.47,229,679.96,991.5,978.9,12.4,19.7,28.3,3.3,1.3,1.2,0.5,0.3,10.1,75,54,2.4
DEESA,24.2,72.2,136,207.77,1000.7,997.9,12.6,25.1,30.7,6.2,1.1,1.1,0.2,0.2,2.6,67,36,6
DEHRADUN,30.32,78.03,682,1030.66,938.5,936.9,8.4,15.6,23.8,2.2,2.6,3.3,0.8,1.3,44.8,84,64,2.4
DEHRI,24.92,84.18,107,479.75,1004.8,1001.7,15.9,21.2,27.6,3.6,1.2,0.8,0.7,0.8,11.5,74,55,2
DEVGAD (DEVGARH),16.38,73.35,36,0,1009.8,1006.8,22.2,2.4,33.4,17.9,0.9,0.8,0.3,0.2,0,70,59,10.8
DHANBAD,23.78,86.43,257,237.65,987,983.9,15.5,21.7,29.2,6,1.1,1.1,0.3,0.6,12.3,70,51,
DHAR,22.6,75.3,583,248.25,952.9,950,15.7,21.7,30.2,6.2,1.8,1.5,0.7,0.7,5.3,68,59,3.6
DHARAMAPURI,12.13,78.03,396,194.89,962.3,958.1,21.2,26.6,32.1,13.5,3,3,1.2,1.3,5.7,76,48,6
DHARMSALA,32.27,76.38,1211,1163.36,884.6,882.5,8.2,12.2,18.9,1.6,3.6,4.2,1.3,2,92.5,63,61,
DHOLPUR,26.67,77.83,176,698.37,997.7,994.6,14,19.5,28.4,3.4,2.2,2,1.3,0.9,7.3,60,52,3.7
DHUBRI,26.02,89.98,35,368.99,1013.2,1009.3,15.6,20.8,25.8,9,,,,,8.2,87,63,
DHUBRI (RUPSI) (A),26.15,89.92,45,384.38,1012.1,1008.1,15.2,18.4,26.5,5.5,1.5,1.2,0.5,0.3,6.9,85,75,3.7
DIAMOND HARBOUR,22.18,88.2,7,0.85,1016.7,1013,17.7,21.9,28.4,10.8,1.4,1.2,0.5,0.3,11.1,77,65,0.6
DIBRUGARHL (MOHANBARI) (A),27.48,95.02,111,636.09,1005.1,1001.2,14.8,16.9,26.3,5.5,3.3,3.3,1.1,0.8,30.1,82,75,2.9
DIGHA,21.83,87.78,6,9.9,1015.2,1011.5,18.1,22.4,28.7,9.4,1.9,1.6,0.7,0.4,10.7,76,67,1.7
DIU,20.72,70.92,15,1.32,1014.8,1011.8,19.9,24.8,30.8,10.1,0.9,0.9,0,0,0,49,55,8.8
DOHAD,22.83,74.27,333,153,977.8,974.8,13.5,26.3,32.2,7,0.3,0.2,0.2,0.1,2.5,63,31,
DOLPHINE NOSE/CDR VISAKHAPATNAM,17.72,83.3,152.3,2.14,997.2,,22.9,,38.5,17.8,1.9,,0.7,,8.1,78,,7.9
DUMKA,24.27,87.25,149,240.89,999.8,996.9,18,21.8,29.4,6.2,0.7,1,0.7,0.9,9.5,65,55,5.3
DUNGARPUR,23.83,73.67,291,194.57,984.1,980.7,14.2,24.4,30.4,,1.4,1.1,0.1,0.1,2,68,38,1.7
DURG,21.18,81.28,293,424.19,982.5,,16.7,,31.5,9.9,1.1,,0.6,,11.1,70,,2.2
DURGAPUR,23.48,87.32,69,157.14,,,18.4,21.1,28.3,,1.1,1,1,1,7.7,64,60,6.9
DWARKA,22.37,69.08,11,1.72,1015.1,1012.9,17.7,23.8,29.8,13.3,1.1,0.8,0.4,0.2,0.7,73,56,10.2
FAIZABAD,26.75,82.08,102,771.17,1005.3,1002.6,11.2,18.7,26.8,4,1.6,1.6,0.7,0.5,17.5,81,64,2.1
FATEHPUR,25.93,80.83,114,801.87,1006.5,1003.2,13.4,19.8,26.7,4.1,1.7,1.6,0.9,0.7,15.8,76,64,
FEROZEPUR,30.92,74.67,200,976.98,994.3,993,7.2,17.7,23.1,1.8,2.5,2.7,1.9,2,15.8,86,70,2
FORBESGANJ,26.3,87.27,61,459.81,1011,1006.8,14.8,19.7,26.4,6.8,1.1,1.2,0.5,0.4,10.2,83,63,
GADAG,15.42,75.63,650,164.8,941.5,938.1,19.9,28.4,32.3,13.2,1.6,2.1,0.4,1.1,1.5,67,36,8.3
GANGTOK,27.33,88.62,1812,548.93,821.1,818.9,6.2,8.8,16.6,1.4,3.9,6.1,3.2,5.2,36.8,84,78,1.1
GANNAVARAM,16.53,80.8,24,56.41,1013.4,1009.6,22.3,27.5,32.5,15.4,2.1,2.3,0.9,1,0.8,81,55,6.3
GAYA,24.75,84.95,116,419.17,1004.2,1000.9,13.6,20.4,28,4.6,1.8,1.8,0.7,0.6,15.8,79,54,3.9
GAZIPUR,25.4,83.55,66.4,561.39,1010,1006.8,14.3,18.6,25.5,4,1.2,0.9,0.5,0.4,16.8,82,69,
GINABAHAR,22.77,83.97,579,342.24,,,15.8,23.5,30,5.2,1.4,1.6,0.9,1,20.1,69,46,
GONDA,27.13,81.97,110,810.02,1004.9,1001.8,14.5,18.8,26.2,4.6,1,0.9,0.4,0.3,11.6,73,61,
GONDIA,21.47,80.2,313,519.75,980.8,977.4,16.7,25.7,31.4,9.2,1.3,1,0.5,0.3,20.7,70,43,1.8
GOPALPUR,19.27,84.88,17,2.85,1015.1,1011.6,20.6,24.6,30.1,13.8,1.8,1.8,0.6,0.5,7.4,79,73,8.8
GORAKHPUR,26.75,83.37,78,691.94,1007.8,1004.9,11.6,19,27,5.4,2.2,1.6,1.4,0.6,9.9,87,67,2.4
GULBARGA,17.35,76.85,458,377.04,963.6,959.9,19.8,29.4,33.4,12.7,1.4,1.9,0.7,0.8,2.7,60,32,5.2
GULMARG,34.05,74.4,2655,1210.24,737.2,737.3,-5.7,-3.1,5.8,-12.7,5,4.6,3.9,3.4,158.8,80,78,
GUNA,24.65,77.32,478,522.1,962.4,959.7,11.5,22.2,29.2,3,1.8,1.9,0.5,0.6,8.2,70,39,4.7
GURGAON,28.42,77,229,798.23,,,10.1,19.2,25.2,1.9,2.2,2.5,1.5,1.5,15.2,79,50,3.2
GUWAHATI (A) (BHORJAR),26.1,91.58,54,370.76,1011.3,1007.2,15.3,19.3,26.2,7.5,2.3,3.2,1,1,11.5,87,70,2
GWALIOR,26.23,78.25,207,698.09,993.6,990.8,11.3,20.2,27.7,2.4,1.7,2,0.5,0.5,10.7,73,46,3.2
HANAMKONDA,18.02,79.57,269,260.84,985.1,983,21.8,27.5,32.8,12.8,1.5,0.9,0.6,0.3,4.3,77,53,4.3
HARDOI,27.38,80.17,142,927.21,1000.4,997.8,11.2,18.5,25.2,4.8,1.2,1.1,1.2,1.1,17.2,85,63,3.3
HARNAI,17.82,73.1,20,0.66,1011.6,1008.9,23.8,26.5,33,18.3,0.8,0.7,0.1,0,0,58,69,9.7
HASSAN,13,76.15,960,136.78,909.4,906.2,17.7,26.2,29.7,11.2,,,,,0.9,77,41,
HAYULIANG,28.08,96.5,1373,778.71,,,13.5,15.6,22.8,5.9,3.5,3.6,2.4,2.5,97.5,72,76,
HAZARIBAGH,23.98,85.37,611,324.59,948.7,944,15.8,20.6,26.9,4.6,1,1.2,0.8,0.9,14,64,53,6.8
HISSAR,29.17,75.73,221,817.4,991.9,989.6,8.5,18.2,25.7,3,2.8,2.5,1.2,0.6,12.4,86,53,3.8
HONAVAR,14.28,74.45,26,1,1011,1007.5,22.6,29.2,35.3,17.5,1.3,1.2,0.4,0.4,0.4,68,59,5.5
HOSHANGABAD,22.77,77.77,302,501.83,982.2,978.7,14.8,24.6,30.4,7.4,1.4,1.4,0.7,0.6,9.8,68,41,4.6
HUT BAY,10.58,92.55,7,0,1012.5,1010,27.3,27.2,31.5,17.8,4.4,4.5,3.2,3.2,40.8,75,75,13.6
HYDERABAD (A),17.45,78.47,545,275.36,954.3,951,19.1,26.9,32.1,12,2.3,2,1.2,0.9,7.9,73,38,6.3
IDAR,23.83,73.03,219,173.07,991.2,988.5,18.1,25.9,31.7,9.8,0.7,0.8,0,0,0.5,43,28,5.3
IMPHAL/ TULIHAL (A),24.77,93.9,781,334.39,929.9,925.8,11.3,15.7,24.8,0.6,2.4,2.2,1.5,1.3,11.7,77,59,2.8
INDORE,22.72,75.8,567,300.95,951.9,949.2,13.8,24.3,31.1,5.4,1.5,1.6,0.4,0.7,6.5,59,34,6
JABALPUR,23.2,79.95,393,673.45,972.3,969.1,13.5,22.5,30.1,5.6,2.1,2.1,0.8,0.8,19.3,72,48,2.9
JAGDALPUR,19.08,82.03,553,197.79,954.3,950.6,16.4,25.1,31.2,7.2,1.3,2.2,0.3,1,8.5,75,45,2.4
JAIPUR (SANGANER),26.82,75.8,390,584.42,972.4,969.8,11.1,20.4,26.5,3.5,2,2.1,0.5,0.5,7,66,35,3.9
JAISALMER,26.9,70.92,242,397.09,990.1,987.8,9.9,22.2,28.6,2.8,1.5,1.6,0.3,0.3,2.6,60,29,6
JALGAON,21.05,75.57,201,275.81,992.8,989.1,16,28.7,34,6.9,1.4,1.4,0.9,0.9,4,66,36,8
JALORE,25.35,72.62,168,335.82,994.5,991.8,13,23.4,30.4,5.5,0.9,1,0.5,0.5,1.9,60,38,3.2
JALPAIGURI,26.53,88.72,83,464.23,1007.7,1004.5,14,19,26.8,7.3,1.6,1.1,0.7,0.6,8.4,87,71,2
JAMMU,32.67,74.83,367,1170.83,,,9.2,16,23.2,4,3.7,3.6,1.3,1.2,52.4,83,62,4.4
JAMSHEDPUR,22.82,86.18,129,170.37,1002.3,998.5,16.6,23.2,30.3,7.3,1.2,1.2,0.2,0.3,13.2,72,54,3
JAMSHEDPUR (A),22.82,86.18,142,170.37,1001.1,996.9,15.6,22.8,30.5,7,1.6,1.7,0.5,0.5,14.7,73,48,2.7
JASHPURNAGAR,22.88,84.13,779,334.57,929.3,926.3,15.1,20.1,27.1,3.6,1.2,1.3,0.7,0.9,28.9,65,51,2.9
JAWAI BANDH/ERINPURA,25.08,73.08,295,312.05,982.8,980.2,11,22.4,30.4,2.6,2.3,2.4,1.4,1.5,3.4,74,41,2.3
JEUR,18.2,75.2,521,220.66,956.3,952.5,16.7,29.7,34.3,8.4,0.7,1,0.2,0.3,0,65,41,4.3
JHALAWAR,24.53,76.17,321,417.14,981,977.6,12.9,23.4,28.8,4.2,0.3,0.5,0.1,0.1,3.6,69,37,
JHANSI,25.45,78.58,251,676.86,989,986,12.9,21.5,28.5,3.5,1.7,1.9,0.8,0.7,9.2,69,45,
JHARSUGUDA,21.92,84.08,230,290.94,990.6,987,16.7,24.1,30.9,7.9,1.6,2,0.6,0.7,18.5,68,44,4.4
JODHPUR RS/RW,26.3,73.02,217,445.35,991.4,988.4,12.2,23.1,29,5.4,1.8,2,0.4,0.4,4,53,27,6.6
JOSHIMATH,30.55,79.57,1875,1134.52,,,4.8,8.3,16.2,-1.4,2.7,3.6,2,2.8,57.1,58,55,
K. PARAMATHY,10.95,78.08,182,152.32,994.1,990,23.1,29.7,33.4,15.4,3.2,3.6,1.8,2.1,6.3,80,52,3.1
KAILASHAHAR (A),24.32,92,29,181.69,1014.2,1010.6,15.1,20.6,28.5,6.9,1.5,1.6,0.4,0.3,9.2,86,68,2.4
KAKINADA,16.95,82.23,8,2.41,1015.5,1012.1,22.9,25.9,31.7,17.7,2,1.9,0.9,0.6,11.2,77,66,6.9
KALIMPONG,27.07,88.47,1209,528.41,880.2,878.2,14.8,14.5,22.4,6,3.5,4.2,2.6,3.1,15.9,83,84,5
KALINGAPATANAM,18.33,84.13,6,0,1015.5,1012.2,21.3,24.7,30.7,14.5,1.6,1.7,0.4,0.4,2.5,81,71,7.7
KALLAKKURICHCHI,11.73,78.97,127,86.55,1000.6,996.7,22.7,28.4,32.7,16.2,2,2.1,0.8,0.9,4.9,79,53,6.6
KALPA (GL),32.4,78.25,2724,1243.96,,,-2.7,0.8,11,-8.6,3.6,4,1.8,2.2,71.6,55,41,4.5
KANKER,20.27,81.48,402,330.98,971.1,967.5,18.2,25.7,,,0.9,1,0.7,0.6,6.5,61,38,
KANNOD,22.67,76.73,353,395.22,978.2,974.7,14.5,24.7,31.1,6.5,0.7,0.6,0.3,0.2,3.2,68,41,2.8
KANNUR (CANNANORE),11.83,75.33,18,0,1011,1007.3,24.3,29.5,34.8,18.9,2.5,2.4,0.8,0.8,3.9,69,63,5.2
KANPUR_AERO,26.43,80.37,126,873.92,1002.7,1000.1,11.1,19.8,26.9,3.5,2.2,2,0.7,0.5,18.7,84,53,
KANYAKUMARI,8.08,77.5,37,0,1009.1,1005.4,25.5,27.9,32.5,21.6,3.2,3.9,1,1.4,7.5,69,66,18.9
KAPURTHALA,31.33,75.33,228.81,1035.64,,,9,14,22.1,2.1,,,,,23.6,87,74,
KARAIKAL,10.92,79.83,6.95,2.24,1013.7,1010.7,24.3,26.4,29.4,19.5,4.3,4,2.6,2,53.5,84,76,12.3
KARAIKUDI,10.07,78.8,92,40.85,1003.8,999.9,24,28.2,32.3,18.4,2.6,3.4,0.9,1.5,20.6,81,68,6.7
KARNAL,29.7,77.03,249,923.65,987.9,985.7,11.1,18,23.9,3.6,,,,,15.4,78,58,
KARWAR,14.78,74.13,4,0.74,1013.7,1010.2,21.7,29,35,15.9,1.2,1.1,0.2,0.2,0,77,61,5.8
KATRA,33,74.9,1170,1208.42,963.1,963.1,8.2,12,21.4,2.3,3.2,3.5,1.3,1.5,101,73,70,1.6
KEONJHARGARH,21.62,85.58,463,136.91,961.4,958.7,18,21.5,29.6,8.1,1.2,1.3,0.9,0.8,11.4,66,56,2.5
KESHOD (A),21.32,70.32,51,31.83,1010.2,1006.9,15.1,27.9,33.4,7.2,1,1,0.1,0.2,1,55,27,10.9
KHAJURAHO,24.98,79.92,221,775.03,992.4,989.4,12.3,21.3,29.8,3.7,2,1.9,0.7,0.7,20.8,79,46,2.7
KHAMMAM,17.25,80.15,112,159.94,1003.9,999.6,22.3,28.5,31.8,14.3,1.4,0.9,0.6,0.3,4.9,78,48,2.2
KHANDWA,21.83,76.37,318,355.67,979.9,976,15,27.5,33.1,6.4,1.3,1.4,0.2,0.6,5.5,61,32,3.2
KHARGONE,21.82,75.62,251,278.22,986.9,984,15.7,24,33.5,8.2,0.9,0.7,0.1,0.2,4.4,64,50,2.3
KHERI-LAKHIMPUR,27.9,80.8,147,950.96,999.8,996.8,11.3,19.6,25.5,5.6,2.6,2.6,1.1,0.8,18.3,85,56,1.7
KHIJRAWAN,22.08,82.15,417,422.86,,,18.3,24.7,31.1,8.4,,,,,16.3,70,45,3.7
KOCHI (COCHIN),9.95,76.27,3,0,1012.7,1008.8,24.8,29.3,33.6,20,2.8,2.5,0.7,0.7,23.3,74,61,3.3
KODAIKANAL,10.23,77.47,2343,132.75,772.6,771.4,12.6,13.7,21.1,5.2,3.7,5.1,1.3,3.4,34.6,55,71,11.2
KOLAR GOLD FIELD,12.95,78.3,882,198.37,917.8,914.6,18.2,24,29.4,12.1,,,,,3,79,47,6.3
KOLHAPUR,16.7,74.23,570,87.05,950.7,947,17.3,28.6,33.3,12,1.2,1.7,0.2,0.6,1.1,71,35,3.9
KOLKATA,22.53,88.33,6,41.17,1016.6,1012.9,17.7,21.9,29.7,10.2,1.4,1.4,0.5,0.3,11.7,75,58,2.6
KOLKATA (DUM DUM),22.65,88.45,6,58.05,1016.4,1012.7,17.8,22,29.5,9,1.5,1.5,0.5,0.4,10.5,74,58,3.5
KONDUL,7.22,93.73,8,0,1011.6,1009.2,29.5,27.3,29.5,22.1,4.7,4.5,3.3,3.2,122.6,83,83,
KORADACHERRY,10.75,79.35,17,46.19,1012.1,1007.2,23.3,27.3,31.9,18.4,2.1,2.2,1.5,1.6,25.1,88,75,2.7
KOTA (A),25.15,75.85,274,438.71,985.8,982.7,13.7,22.1,28.4,7.6,1.5,1.6,0.3,0.4,6.2,61,35,4.9
KOTA (PB-MICROMET),25.18,75.9,273.1,444.85,986.7,983.9,13.4,21.6,28,5.5,1.4,1.5,0.5,0.4,3.9,66,41,4.1
KOTHAGUDEM (BHADRACHALAM),17.55,80.63,111,155.25,1003.4,999.4,20.7,28.4,33.4,12.6,1.5,1.6,1.1,1.1,3.5,81,52,3.3
KOTTAYAM,9.53,76.6,73,31.32,1008.4,1005.1,26.5,29.9,33.8,20,4,4.5,1.8,2,9.7,78,68,3.5
KOZHIKODE (CALICUT),11.25,75.78,5,1.35,1012.9,1009.1,24.3,29.5,33.1,19.9,2.1,2,0.5,0.4,1.6,76,64,9.3
KRISHNANAGAR,23.4,88.52,15,138.69,1013.5,1012.3,17.8,24.3,30.4,7.2,0.2,0.4,0.2,0.4,6.6,71,53,
KUDUMIAMALAI,10.4,78.67,123,67.54,1001.1,996.8,23.5,28.2,32.4,17.4,3.4,4,1.6,1.8,22.2,80,53,8.3
KUKERNAG,33.58,75.5,1011,1282.87,,,-1.5,1.4,9.8,-8.9,5.4,4.9,3.8,3.5,83.8,87,80,2.7
KUPWARA,34.42,74.3,1609,1235.28,,,-1.5,3.8,11.5,-6.8,5.4,4.9,2.6,2.4,87.1,89,75,0.5
KURNOOL,15.83,78.07,281,225.02,983.8,979.6,21.4,29.6,34.2,13.7,1.4,1.8,0.2,0.5,2.6,67,36,2.7
LONG ISLAND,12.42,92.93,25,0,1011.4,1009,27,26.1,31.8,18.2,3.4,3.5,2.2,2.5,29.1,76,78,3.1
LUCKNOW (AMAUSI),26.75,80.88,128,862,1002.2,999.5,10.9,18.9,26.9,3.5,2.1,2.1,0.8,0.6,20.2,86,57,3
LUDHIANA,30.93,75.87,247,1006.95,988.7,986.4,9.6,16.6,22.3,3.3,,,,,23.8,84,63,2.8
LUDHIANA (P.A.U),30.9,75.8,247,1001.48,989.4,987.8,7.7,15.9,22.5,1.8,2.6,2.5,1.1,0.8,20.1,92,65,4.7
LUMDING,25.75,93.18,149,376.04,1000.6,996.8,13.8,21.4,27.2,5.1,0.7,1.1,0.2,0.3,10,87,84,
MADURAI,9.92,78.12,133,95.63,997.7,,25.2,,33.4,18.8,2.2,,0.7,,16.6,78,,6.7
MADURAI (A),9.83,78.08,131,88.18,999.6,995.4,23.4,28.9,32.7,17.5,3,3.3,0.7,1.2,7.4,78,50,8.2
MAHABALESHWAR,17.93,73.67,1382,57.92,865.6,864.2,15.8,21.5,29.2,9.7,1.2,1.3,0.3,0.6,0.5,57,51,10.2
MAHBUBNAGAR,16.75,78,505,269.63,958.6,954.7,21.9,27.8,33,14,1.3,1.5,0.6,0.9,4.4,64,41,6.3
MAHUVA,21.08,71.78,9,1.82,1014.1,1011.2,17.6,26.8,34,11.8,0.7,0.9,0.4,0.5,0.4,60,52,
MAINPURI,27.23,79.05,157,830.24,999.3,997,10.1,19.4,27.4,4,1,0.7,0.4,0.2,7.3,84,67,1.4
MAJBAT,26.75,92.35,120,452.56,1004.8,1001,15.9,19.7,27.1,5.3,2.7,,,,10.2,81,76,
MALANJKHAND,22,80.7,578,533.32,950.5,947.5,14.9,21.9,29,4.7,2.1,2.1,0.8,0.6,26.9,77,52,2.7
MALDA,25.03,88.13,31,312.53,1013.8,1010.7,15.8,21.2,28.2,9,1.3,1.3,0.5,0.6,10.4,72,60,2.3
MALEGAON,20.55,74.53,437,168.43,966,962.4,14.4,28.7,33.4,6.2,1,1,0.5,0.4,3.2,64,31,1.9
MANA (RAIPUR-AP),21.17,81.73,312,398.12,979.9,976.6,18.1,25.1,31.2,9,1.8,1.9,0.5,0.5,15.2,61,42,6.4
MANALI,32.27,77.17,2039,1188.42,,,1.5,6.2,16.6,-7.2,3.9,4.6,1.8,2.1,108.4,75,65,
MANDLA,22.58,80.37,443,606.27,966.7,963.1,14.3,22.1,29.6,3.3,1.7,1.4,1.1,0.7,21.8,74,46,2.2
MANDVI,22.82,69.27,10,0,1014.9,1013,17,23.9,29.3,,,,,,,62,59,
MANDYA,12.5,76.83,695,165.54,937.3,933.5,19.8,27.7,31.4,12.2,,,,,2.9,80,52,3.3
MANGALORE (BAJPE) (A),12.92,74.88,102,6.81,1001.9,998.1,23.5,29,35,18.4,2.1,2.1,0.4,0.5,1.1,72,55,4.7
MANGALORE (PANAMBUR),12.95,74.83,31,2.69,1009.7,1005.9,23.5,28.9,34.6,18.7,1.9,1.7,0.3,0.2,3.1,78,59,7.1
MORMUGAO,15.42,73.78,62,0,1006.7,1003.3,24,28.6,34.5,19.4,1.6,1.5,0.2,0.2,0,70,63,8.6
MASULIPATNAM,16.18,81.13,3,6.97,1015.5,1012.2,22.6,25.8,31.1,17.2,2.3,2.1,1.2,0.8,6.7,85,68,5.9
MATHURA,27.5,77.68,174,755.3,999.3,996.5,12,18,25.5,2.8,1.3,0.9,0.6,0.4,11.9,76,63,
MAYABANDAR,12.92,92.92,28,0,1010.8,1008,25.3,26.4,31.2,19.7,2.9,3.2,2.2,2.4,12.3,82,76,5.9
MEDAK,18.05,78.27,471.8,338.22,963.2,959.2,19.6,27.7,32.3,10.9,1.8,2.1,0.7,0.7,4.4,70,39,2.2
MEDIKERI (MERCARA),12.42,75.73,1152,67.38,890.7,888.2,16.3,23.4,28,9.7,,,,,1.7,83,62,
MEERUT,29.02,77.63,222,887.42,991.5,,10.6,,25.1,3.8,0,,,,19.7,79,,5.4
METTUR DAM,11.8,77.82,250,211.98,986,981.3,23.2,30.1,34.2,17.5,3,3.1,0.7,0.9,4.7,69,38,4.2
MIDNAPORE,22.42,87.32,45,75.3,1012.2,1008.2,19.1,23.1,30,9.4,1.7,1.4,0.2,0.3,9.5,61,50,2.1
MINICOY,8.3,73,2,0,1012.6,1009.6,26.2,28.6,31.8,21.1,3.7,4,2.2,2.4,26.5,81,69,4.9
MORADABAD,28.83,78.75,201.8,936.06,993,990.7,10.7,17,25.3,4.2,1.8,1.5,0.6,0.6,20.2,84,69,
MOTIHARI,26.67,84.92,66,585.59,1009.7,1006.6,14.4,19.3,25.4,5.7,0.9,1.2,0.6,0.5,8.5,80,68,
MUKHIM,30.58,78.48,1981,1078.36,,,7,8.4,17.5,0,3.1,3.4,1.5,1.7,63.8,63,61,
MUKTESHWAR (KUMAUN),29.47,79.65,2311,1046.52,774.3,773.3,5.2,6.1,17.6,-3.7,2.8,3.4,1.2,1.7,48.9,56,64,
MUMBAI (BOMBAY) (SANTA CRUZ),19.12,72.85,15,2.83,1012.9,1009.9,20,26.9,34.5,12.9,1.1,1.1,0.1,0.1,0.2,68,49,6.2
MUMBAI (BOMBAY) (KULABA),18.9,72.82,11,0.16,1013,1010.2,20.7,26,33.9,15.7,1.1,1,0.1,0.1,0.8,77,62,5.7
MUSSOORIE,30.45,78.08,2042,1047.33,803.3,801.8,5.6,6.3,15.9,-0.3,3.5,4.7,2.1,3.2,49.9,69,78,8.7
MUZAFFARNAGAR,29.47,77.73,241,934.77,988.9,986.6,9.1,17.6,24.1,1.8,2.8,2.3,0.6,0,26.6,84,60,
MUZAFFARPUR,26.12,85.4,53,508.12,1011.1,1008,14.4,18.1,26.2,6.4,1.4,1.3,1,0.9,12,84,73,2
MYSORE,12.3,76.7,767,141.93,929.1,925.9,19.4,27.2,30.5,13.6,,,,,1.5,76,45,
NAGAPATTINAM,10.77,79.85,9,0.05,1013.6,1010.4,24.4,26.6,29.4,19.5,4.4,4.1,2.5,1.9,59.9,81,71,12.7
NAGAUR,27.17,73.67,298,548.95,983.5,980,15,22.2,28.6,1.2,1.5,1.5,0.5,0.5,2.3,53,41,
NAGPUR (SONEGAON),21.1,79.05,310,563.8,981,977.2,17.1,25.8,32.2,8.6,1.9,2,0.6,0.8,17.4,67,41,6
NAHAN,30.55,77.3,959,1020.37,910.2,909.2,10.9,13.3,21.4,3.6,,,,,51.9,71,67,
NAJIBABAD,29.62,78.38,270,983.49,986.5,984.3,10.3,18,25.2,3.5,1.8,1.6,1,0.8,26,85,59,
NALGONDA,17,79.25,227,181.66,989.9,,21.3,,33.8,16.1,2,,1.8,,13.5,82,,
NALIYA,23.25,68.85,21,18.43,1014.3,1011.6,12.2,25,31.5,5.2,1.1,1.1,0.4,0.4,1.9,71,37,7
NANCOWRY,7.98,93.53,26,1.08,1009.8,1007.3,28.2,27.5,32.8,21.4,4.3,4.4,2.8,2.7,62.7,77,79,
NANDED,19.08,77.33,358,448.57,975.3,971.6,17.9,28.6,33.5,9,0.7,0.3,0.2,0.1,4.5,65,34,3.4
NANDURBAR,21.33,74.25,206,141.98,992.4,988.2,19.3,27.8,33.7,11.5,0.4,0.2,0.2,0.1,1.8,51,32,6.1
NANDYAL,15.47,78.48,212,172.39,991.1,987.1,21.3,29.5,34.2,13.7,1,1.1,0.5,0.6,1,76,46,4.9
NARNAUL,28,76.08,308,713.18,983.4,979.9,11.2,16,25.8,1.9,,,,,12.8,58,40,
NARSAPUR,16.43,81.7,4,7.85,1015.1,1011.8,21.9,26,30.5,17.4,1.5,1.7,0.7,0.6,15,88,69,1.7
NARSINGHPUR,22.95,79.18,356,648.31,976.2,972.6,12.5,25,31.7,4.6,1.6,1.5,0.9,0.7,19.9,77,43,
NELLORE,14.45,79.98,20,20.71,1013.3,1010.1,22.6,26.8,32.3,18.3,2.5,2.4,1.2,1.1,9.7,86,65,5
NEW DELHI (PALAM) (A),28.57,77.12,233,818.09,990.4,988.2,9.3,18.5,25.4,3.1,2.9,2.5,1,0.6,18.6,82,49,5.9
NEW DELHI (SAFDARJANG),28.58,77.2,216,827.02,992.2,989.9,9.7,18.7,25.3,4.2,2.7,2.5,1.1,0.7,20.8,80,47,7.3
NEW KANDLA,23,70.22,14,0.9,1015.5,1012.6,15.4,24.4,29.2,10.6,1.1,1,0.2,0.1,0.8,60,40,10.4
NIDADAVOLU,16.92,81.67,13,61.64,1014.9,1011.5,21.4,27.1,31.7,15.7,1.3,1.6,0.4,0.5,4.3,85,64,6.1
NIMACH,24.47,74.9,496,318.02,960.4,957.7,13.2,23.2,28.9,5.8,1.4,1.4,0.6,0.5,3,59,34,4.6
NIZAMABAD,18.67,78.1,381,402.61,972.7,968.8,19.8,27.9,33.4,10.4,1.8,2.2,0.5,0.8,10.2,69,41,3.8
NORTH LAKHIMPUR,27.23,94.12,102,565.36,1006.3,1002.5,15.5,17.3,26.5,5.4,3.1,3.5,1.2,1.1,37.7,80,75,3
NOWGONG,25.07,79.45,229,735.2,991.2,988,12.1,22,29.1,3,1.5,1.6,0.6,0.4,15.2,79,53,1.6
OKHA,22.48,69.12,7,0,1016.3,1013.8,20.2,22.8,26.5,16.1,1.2,1,0.2,0.1,1.8,66,62,15.2
ONGOLE,15.57,80.05,12,16.9,1014.3,1010.8,22,26.8,32.9,18.1,2.2,2,0.8,0.5,16.6,85,64,4.3
ORAI,25.98,79.5,141,786.1,1004.2,1000.3,13.6,20.3,26,3.4,1.5,1.5,1.4,1.1,7.8,59,47,
OSMANABAD,18.17,76.05,663,307.21,,,19.6,27,31.8,11,0.9,1.2,0.7,1,11.4,65,43,5
OZAR,20.13,73.92,608,114.52,946.9,943.7,14,26.8,32.4,5.1,1.4,1.5,0.2,0.6,1.6,65,29,5.9
PACHMARHI,22.47,78.43,1075,568.24,897.4,895.3,13.3,19.8,25.1,2.1,1.6,1.6,0.7,0.6,14.1,66,49,3.2
PAHALGAM,34.03,75.33,2310,1328.77,,,-5.1,0.3,8.3,-14.6,4.7,5.4,3,3.6,98.6,89,84,
PALAKKAD,10.77,76.65,97,68.56,1002.6,998,24.2,31.1,35.2,18.9,2.2,2.4,1,1,2.8,73,46,
PALAYAMKOTTAI,8.73,77.75,51,40.88,1009.1,1005,24.4,29,33.6,20.1,4.9,4.4,2.3,2.2,17.5,80,65,6.2
PAMBAN,9.27,78.3,11,1.96,1012.8,1009.6,25.9,27,30.6,21.5,4.4,3.7,2.7,0.9,58,78,74,16.1
PANCHET HILLS,23.62,86.78,119,200.19,,,16.5,21.8,27.6,9,0.7,1,0.1,0.1,13.2,72,56,0.9
PANJIM,15.48,73.82,60,0.79,1006.8,1003.5,21.8,28.3,34.6,17.6,2,2,0.2,0.3,0.4,77,56,8.9
PANNA,24.72,80.17,354,777.67,970.5,967.6,14.5,19.9,28,3.2,1.7,1.5,1.5,1.3,20.1,67,50,3.6
PANTNAGAR,29.03,79.47,233,998.82,990.4,988,10.3,16.6,24.8,1.2,3.1,2.5,1.7,0.7,27.8,87,68,
PARADIP PORT,20.3,86.68,8,0.05,1015.8,1012.5,20.5,22.9,29.4,12.2,1.2,1.1,0.3,0.2,10.8,78,70,9.4
PARANGIPETTAI (PORT NOVO),11.5,79.77,3,0.63,1014,1011.1,24.4,27.1,29.8,18.5,3.8,3.3,1.8,1.3,31.8,82,72,6.1
PARBHANI,19.27,76.83,423,396.67,967.9,964.2,17.7,28.1,33.3,10.2,1.3,1.7,0.6,0.9,4.8,59,34,3.2
PASIGHAT,28.1,95.38,157,713.22,999.4,995.9,15.6,16.1,26.5,9.3,3.6,3.7,1.5,1.5,42.8,70,77,11.4
PATIALA,30.33,76.47,251,964.56,987.2,985.4,8.1,16.6,23.2,3,3.1,2.8,1.2,0.9,30.9,89,62,5
PATNA (A),25.6,85.1,60,478.75,1010.3,1007.1,13.1,19.2,26.9,5.4,1.9,1.8,0.6,0.4,12.2,82,64,1.8
PENDRA,22.77,81.9,625,498.06,946.3,943.5,14.7,20.9,28.3,6.7,1.8,2.2,0.7,1.1,339,66,49,3.2
PHALODI,27.13,72.37,234,505.38,990.5,988.6,10.1,22.5,29.5,2.7,1.3,1.4,0.2,0.2,1.3,64,35,5.3
PHULBANI,20.48,84.27,489,145.74,961.9,959,16,23,30,3.5,0.2,0.3,0.1,0.2,12.2,77,57,1.2
PILANI,28.33,75.58,301,726.28,982.9,980.7,8.6,20.2,27.1,1,1.9,2.1,1,0.8,9.6,77,41,4.1
PONDICHERRY,11.92,79.83,6,0.05,1014.8,1011.4,24.9,26.9,30,20,4.6,3.9,2.2,1.4,12.3,82,78,13.2
PORBANDAR (A),21.65,69.67,7,5.91,1015.5,1012.4,16.5,26.4,32.8,9.1,0.8,0.7,0.1,0.1,1,62,43,10.7
PORT BLAIR,11.67,92.72,79,0.06,1004.9,1002.2,26.9,25.9,30.5,18.1,4.2,4.8,2.4,2.6,37.2,72,74,6.6
PUNALUR,9,76.92,34,27.15,1009.1,1005,23.5,31.7,35.9,18.3,4.4,4.7,2.3,2.5,12.7,80,48,2.9
PUNASA,22.23,76.4,267,359,,,16.7,24,31.7,,,,,,1,64,52,
PUNE,18.53,73.85,559,84.04,952.5,948.7,14.2,27.4,32.4,6.8,1.8,2.4,0.3,0.9,1,82,33,2.6
PUNE (WANORIE),18.5,73.9,594.4,88.21,948.4,945.7,16.1,27.1,32.8,9.6,,,,,0.2,71,47,4.4
PURI,19.8,85.82,6,1.06,1016.3,1012.9,21.2,24.1,29.8,13.9,1.5,1.5,0.5,0.4,12.7,76,72,8.9
PURNEA,25.77,87.47,38,398.14,1013.2,1009.4,14,19.9,27,4.5,1.4,1.1,0.2,0.1,6.8,84,66,2.3
PURULIA,23.33,86.42,255,211.53,988.4,985,15.8,22.3,28.9,8,1.5,1.8,1.1,1.1,13.3,71,55,1.9
PUSAD,19.92,77.58,334,483.96,978.4,974.5,17.4,28.4,33.6,8.5,0.9,0.9,0.5,0.4,15.5,65,38,2.6
QUAZIGUND,33.58,75.08,1739,1275.31,829.7,827.6,-1.2,3.5,11.5,-7.9,5.8,5.1,3.7,3,140.5,91,72,2.1
RAICHUR,16.2,77.35,400,310.14,970.3,966,23.9,28.8,33,14.1,2.6,2.9,0.5,0.7,2.2,51,33,7.9
RAIGARH,21.88,83.38,220,326.26,991.6,987.6,17.9,25.1,31.3,9.1,1.5,1.9,0.3,0.3,14.5,65,46,3.2
RAIPUR,21.23,81.65,298,408.81,982.6,979.1,17.9,24.9,31.4,8.7,1.7,1.8,0.5,0.5,11.3,63,44,3.1
RAISEN,23.32,77.83,440,517.95,966.5,963.5,13.3,21.9,29.9,1.9,1.4,1.1,0.8,0.6,11.9,69,52,2.6
RAJGARH,24,76.72,382,434.35,973.2,970.1,12,24.3,30.9,4.5,1.5,1.9,1.1,1.2,9.4,67,37,6.3
RAJKOT (A),22.3,70.78,138,66.19,1000.3,997.2,14.8,26.9,32.7,8.1,1,0.9,0.1,0.1,1,57,27,9.8
RAJNANDGAON,21.1,81.03,330,432.21,981.2,977.6,17.3,25,28.2,8.9,,,,,16.3,68,50,
RAMGUNDAM,18.77,79.43,156,336.96,998.3,994.4,19.9,28.2,33.4,10.5,1.6,1.5,0.7,0.6,11.5,74,45,2.6
RANCHI (A),23.32,85.32,652,269.28,943.1,939.9,14.5,19.9,27.3,5.8,1.7,2.1,0.5,0.8,21.8,65,45,5.9
RATLAM,23.32,75.05,486,248.5,961.5,958.3,13.1,24.6,30.9,6.7,1,1,0.3,0.3,6.9,60,34,5.5
RATNAGIRI,16.98,73.33,67,1.58,1006.6,1003.7,22.1,27.5,34.7,15.9,1.4,1.4,0.1,0.2,0,62,56,7.1
RAXAUL,26.98,84.85,79,618.86,1008.1,1004.8,12.3,19,25.8,5.2,2,2.1,0.7,0.6,17.6,89,64,3.5
RENTACHINTALA,16.55,79.55,106,123.16,1004,1000,20.7,29.4,33.9,14.3,2.1,2.3,1.9,2.1,4.2,85,55,3.5
REVA,24.53,81.3,299,689.6,983.6,980,14.7,20.3,28.5,3.5,1.8,1.8,0.5,0.3,19.1,68,54,1.9
ROHTAK,28.83,76.58,219,817.98,992.1,989.4,9.9,17.7,26,2.8,2.6,2.4,1,0.8,19.5,81,57,
ROORKEE,29.85,77.88,274,978.64,985.5,983,8.8,18.3,25,3,3.1,2.8,1.8,1.5,28.5,84,53,3.2
SABAUR,25.23,87.07,37,348.6,1013.7,1009.8,13.9,20.3,26.4,4.5,1.4,1.5,0.8,0.6,14.8,84,62,3.5
SAGAR,23.85,78.75,551,622.83,953.9,951.2,14.7,22.3,29.1,7.1,1.8,1.9,0.8,0.8,11.5,59,39,5.2
SAGAR ISLAND,21.75,88.05,3,0,1016.3,1012.9,19.6,22,27.6,12.5,1.3,1.1,0.5,0.4,10.1,77,69,7.4
SALEM,11.65,78.17,278,173.37,983.4,978.9,22.1,29.4,34.3,15.8,2,3.1,0.7,1.5,2.8,71,42,7.1
SAMBALPUR,21.47,83.97,148,254.32,999.8,996.2,18.4,24.6,30.4,8.1,1.3,1.4,0.4,0.4,10.9,69,50,2.5
SANDHEADS,20.85,88.25,10,0,1015.9,1013.2,22.3,23.2,28.3,15.3,1.1,0.8,0.5,0.1,17.7,72,67,
SANGLI ,16.85,74.6,549,129.2,952.8,948.7,16.3,29,33.9,10.5,1.3,1.7,0.5,0.8,0.1,72,38,3.1
SATARA,17.7,74.02,660,85.7,937,933.6,15.9,27.6,31.7,9.4,1.1,1.5,0.3,0.6,0.9,71,37,2.4
SATNA,24.57,80.83,317,720.54,980.6,977.6,12.7,21.2,28.9,4.3,1.9,2,0.5,0.5,22.5,73,46,3.2
SAWAI MADHOPUR,25.98,76.37,264,542.16,,,10.5,21.4,28.5,3.2,1.2,1,1.1,0.8,10.7,78,44,1.7
SEONI,22.08,79.55,619,622.25,946.4,943.4,15.7,23.6,30.5,8,1.5,1.7,0.8,1,22.3,63,44,4.7
SHAHAJAHANPUR,27.88,79.9,154.5,940.94,999.2,996.7,10.5,18,25.4,3.1,1.5,1.2,0.8,0.5,11.3,85,66,
SHAJAPUR,23.43,76.32,446,372.35,965.3,962.2,13.3,23.2,30.5,3.5,1.6,1.6,0.6,0.6,8.2,65,41,2.3
SHEOPUR,25.67,76.68,235,538.52,990.1,987,10.2,22.9,28.9,3,2.2,2.1,0.3,0.5,8.9,79,43,4.3
SHILLONG (C.S.O),25.57,91.88,1500,314.72,842.2,840.2,10.6,9.7,18,2.5,1.5,5.2,0.7,4.1,12.5,61,87,4.1
SHIMLA,31.1,77.17,2202,1069.41,781.4,780.4,4.9,5.4,15.2,-3.4,2.9,3.9,2.4,3.6,53,50,66,4.5
SHIMOGA,13.93,75.63,571,103.75,949.6,945.6,18.3,29.4,33.1,10.8,,,,,0.4,77,40,
SHIRALI,14.07,74.53,44.79,3.89,1009.4,1006.3,23.6,29.4,34,18.7,,,,,0.6,70,62,7.1
SHIVPURI,25.33,77.65,464,590.65,963.8,961,11.6,21,28,2.1,1.5,1.4,1.3,1.3,9.9,71,43,2.4
SIDHI,24.42,81.87,272,621.34,985.7,982.4,12.9,21.5,29.4,4.3,1.2,1.1,1,0.9,27.4,76,47,1.1
SIKAR,27.62,75.13,432,635.45,967.8,965.3,11.6,20.6,27,0.2,0.8,0.8,0.7,0.8,6,61,41,
SILCHAR,24.82,92.8,29,266.62,1013.5,1009.2,16.2,21.1,27.8,8.8,1.8,1.3,1.2,0.7,12.1,87,65,1.6
SILCHAR/KUMBHIGRAM(A),24.92,92.98,97,286.19,1006.2,1002.4,16.3,20.5,28.8,9.2,1.6,1.6,0.6,0.6,11.8,74,59,3.9
SIRONCHA,18.85,79.97,123,316.09,1002.4,998.2,19.4,28.5,32.7,11,2,2,1.1,1.2,6.6,74,41,3.5
SOLAPUR,17.67,75.9,479,279.01,961.3,957.3,19.5,29.5,33.8,12.5,1.2,1.7,0.1,0.6,4.9,63,31,5.6
SRI NIKETAN,23.65,87.7,59,162.08,1010.9,1007.2,15.9,20.9,28.7,8,1.3,1.3,0.4,0.3,12.3,74,56,4.2
SRIGANGANAGAR (GANGANAGAR),29.92,73.88,177,854.9,997.6,995.7,7.5,18.3,25.4,2,2.2,2.4,0.7,0.7,10.3,84,48,2.4
SRINAGAR,34.08,74.83,1587,1276.47,845.2,843.4,-0.8,4.3,11,-5.8,6,5.2,3.7,3.1,49.6,93,72,1.7
SULTANPUR,26.25,82,97,736.69,1006.1,1003.3,12.8,20.1,27.2,3.6,1.9,1.4,1,0.5,17.4,78,58,
SUNDERNAGAR,31.53,76.9,870,1103.37,919.1,917.1,4.5,13.9,21.7,-0.2,3.5,3.9,1.6,2,56.3,90,53,1.3
SUPAUL,26.13,86.58,50,458.7,1012.1,1009,14.1,18.9,,6.5,1.1,0.9,0.4,0.1,7,86,73,
SURAT,21.2,72.83,12,5.13,1014,1010.8,17.4,27.4,35,10.9,0.8,0.9,0.1,0.1,1.5,67,41,7.3
SURI,23.88,87.53,77,191.27,,,19.3,,28.7,7.9,1,,0.6,,9.9,55,,3.8
TADONG,27.33,88.63,1322,548.75,876.7,874.1,9.1,12.6,20.5,3.7,3.8,5.2,2.4,3.5,22.9,80,65,0.5
TANGLA,26.65,91.92,78,434.64,1007.6,1003.4,15.6,20.8,27.1,8.1,1.2,,0.8,,11.3,86,75,
TANJAVUR,10.78,79.13,68,58.71,1007.2,1002.6,22.1,28.4,32.9,18.5,3.8,4,1.4,2,18,86,62,6.5
TEZPUR,26.62,92.78,79,449.31,1008.2,1004.2,15.4,19,26.3,9,2,1.8,0.8,0.6,12.8,83,70,2.8
THIKRI,22.07,75.4,172,257.11,,,17.5,,33.9,6.3,1.1,,0.3,,2.3,59,,
THIRUVANANTHAPURAM (TRIVANDRUM),8.48,76.95,64,3.62,1005.6,1002.5,25,28.9,34,20.1,3.4,4.1,1.1,1.7,15.9,75,63,4.9
THIRUVANANTHAPURAM (TRIVANDRUM)(A),8.47,76.95,8,2.49,1012.2,1008.9,25.5,29.1,32.5,19.2,3.2,3.5,1,1.3,22.9,74,63,3.9
TIKAMGARH,24.77,78.83,345,664.82,977.7,974.9,13.5,19,29.5,2.9,1.4,1.2,0.5,0.3,15.7,74,59,2.8
TIRMALAI,13.67,79.38,845,91.41,,,19.5,21.4,26.9,10.3,2.9,3,1.2,0.8,6.8,77,72,6
TIRUCHIRAPPALLI,10.77,78.72,88,84.52,1004.9,1000.9,23.4,28.6,32.2,17.7,3.4,3.6,1.1,1.7,13,80,53,10.3
TIRUPATI (A),13.67,79.58,105,70.3,1003.3,999.5,21.9,27.5,32.6,15.2,4.1,3.8,1.9,2.2,17.5,78,54,8.9
TIRUPPATTUR,12.48,78.57,390,150,970.8,966.3,21.6,26.8,33.2,13.4,3,3.8,1.1,1.4,3.1,83,65,3.1
TIRUTTANI,13.15,79.53,105,80.63,1005.3,1001.9,23.2,27.1,32.8,14.3,,,,,17.3,79,58,3.1
TITLAGARH,20.3,83.3,211,200.57,990.9,987.4,20.4,26.3,32.7,10.6,1.9,1.8,0.3,0.2,13.7,57,49,3.1
TONDI,9.73,79.03,5,0,1014,1010.6,23.9,27,30.8,19.3,3.8,4,1.4,1.3,32.7,82,74,9.5
TONK,26.17,75.75,272,520.67,985,982.9,11.4,20.7,27.6,3.7,1.5,1.3,0.5,0.3,3,76,59,
TUMKUR,13.33,77.08,822,244.67,923.9,920.3,19.8,26.8,30.8,13.1,,,,,4.9,66,35,6.8
TUTICORIN,8.8,78.15,4,1.05,1014.1,1010.1,24.5,27.4,30.5,18.6,3.5,3.1,0.3,0.3,3.3,81,74,16.7
TUTICORIN (H.P.),8.75,78.18,3,0.14,1014.4,1010.1,24.1,27.2,30.1,19,2.8,2.6,0.4,0.4,25.9,83,72,18.3
UDAIPUR,24.58,73.7,582,269.39,951.1,,11.9,21.8,28.1,3.5,0.8,,0.2,,3.5,70,47,
UDAIPUR (DABOK) (A),24.62,73.88,514,279.27,958.2,955.3,10.6,22.7,29.1,2.2,1.3,1.5,0.3,0.5,3.5,69,34,4.2
UJJAIN,23.18,75.78,489,311.75,960.4,957.5,11.3,24.1,30.7,3.7,1.9,1.9,0.5,0.7,6.8,74,37,4.6
ULBERIA,22.5,87.95,5,31.64,1017.1,1013.9,15.9,22.1,29.4,9,2.8,2.7,1.4,1.4,11.3,85,63,2.7
UMARIA,23.53,80.88,459,630.56,964.5,961.7,12.2,21.7,29.7,3.4,1.8,2.2,0.9,1.2,19.8,79,54,2.2
UNA,31.47,76.27,369,1075.27,,,7.2,16.7,23.8,0.7,,,,,38.9,84,,
UTHAGAMANDALAM  (OOTACAMUND),11.4,76.73,2249,99.09,781.3,779.9,10.9,16.3,25.1,1.4,1.2,2.1,0.6,1.4,7.6,60,60,2.6
VALLABH VIDYANAGAR,22.57,72.93,44,32.06,1011.1,1008.2,13.9,26.9,31.8,7.7,0.4,0.3,0.1,0,2.1,74,42,3.8
VARANASI,25.3,83.02,76,590.02,1008.5,1005.3,13.1,20.1,27.4,4.9,2.4,2.3,1,0.6,19,80,56,2.8
VARANASI (BABATPUR),25.45,82.87,85,612.47,1007.9,1004.9,12.6,19.6,27.3,4.6,1.9,1.7,0.9,0.5,16.2,82,58,5.7
VEDARANNIYAM,10.37,79.85,4,2.11,1013.3,1010.9,24.8,26.5,30.2,19.5,2.6,2.3,1.5,1.3,66.5,83,78,6.2
VELLORE,12.92,79.15,214,117.1,991.1,987,21,27.9,32.6,14.1,3.1,3.3,1.6,1.7,9.4,86,52,5.6
VENGURLA,15.87,73.63,9,0.55,1012.6,1009,20,28.9,34.9,14.1,0.9,0.9,0.2,0.2,0,81,56,3.3
VERAVAL,20.9,70.37,8,0,1014.5,1011.7,16.9,25.8,32.3,10.6,1,1,0.1,0.1,1.3,59,60,11.6
VIDISHA,23.53,77.82,430,521.89,967.7,964.8,11.3,22.8,30.9,3.6,1,0.9,0.1,0.2,4.1,76,48,
VISHAKHAPATNAM  (RS/RW),17.68,83.3,66,0.03,1008.9,1005.8,23.5,25,29.2,18.1,2.4,2.4,0.8,0.7,11.4,72,70,6.5
VISHAKHAPATNAM (A),17.72,83.23,3,6.08,1015.9,1012.7,22.6,25.4,31.6,14.4,2.1,2,0.8,0.7,7.4,76,65,6.4
WARANGAL,18.05,79.37,262,273.15,,,,,,,,,,,1.8,,,6.1
WARDHA,20.67,78.58,283,562.84,983.9,980.5,19.1,27.1,32.1,10.2,1.2,1.1,0.3,0.3,16.7,57,39,4
YEOTMAL,20.4,78.15,451,564.06,964.5,961.3,19.5,26.4,31.9,11.4,1.5,1.5,0.7,0.6,14.9,52,34,6.8
